[
  {
    "marked_sentence": "今天至少能先凑1000_还_上吗",
    "pinyin": "huan2"
  },
  {
    "marked_sentence": "逾期本金是32545元，之前你_还_过1900元，剩下的今天结清就能免掉所有利息和罚息。",
    "pinyin": "huan2"
  },
  {
    "marked_sentence": "那咱们可以分3期_还_，每期还一部分，但利息和罚息就得照算。你看看最近能凑多少？",
    "pinyin": "huan2"
  },
  {
    "marked_sentence": "那咱们可以分3期还，每期_还_一部分，但利息和罚息就得照算。你看看最近能凑多少？",
    "pinyin": "huan2"
  },
  {
    "marked_sentence": "分期的话，利息37000元、罚息610元都要极速赛车开奖直播算进去，总共_还_70155元。越早还，后续压力越小。",
    "pinyin": "huan2"
  },
  {
    "marked_sentence": "分期的话，利息37000元、罚息610元都要算进去，总共还70155元。越早_还_，后续压力越小。",
    "pinyin": "huan2"
  },
  {
    "marked_sentence": "这是合同里写的，不是我们定的。你现在_极速赛车开奖直播_还_，至少能避免继续涨，还能申请分期缓解压力。",
    "pinyin": "huan2"
  },
  {
    "marked_sentence": "这是合同里写的，不是我们定的。你现在还，至少能避免继续涨，_还_能申请分期缓解压力。",
    "pinyin": "hai2"
  },
  {
    "marked_sentence": "5000可以，但得先确认你能连续_还_，要不先付个诚意金，我帮你申请6期方案？",
    "pinyin": "huan2"
  },
  {
    "marked_sentence": "按6期算，每期要_还_11692元，首期30天内支付。你单位是北京地震局，有稳定收入，",
    "pinyin": "huan2"
  },
  {
    "marked_sentence": "那这样，你每月_还_500极速赛车开奖直播0元，分7极速赛车开奖直播期，我按6期帮你报上去，超过部分咱们还协商，先付第一笔5000？",
    "pinyin": "huan2"
  },
  {
    "marked_sentence": "那这样，你每月还5000元，分7期，我按6期帮你报上去，超过部分咱们_还_协商，先付第一笔5000？",
    "pinyin": "hai2"
  },
  {
    "marked_sentence": "那咱们就这么定，今年_还_有3个月，30天内转5000，后续还得按月还5000，我这边帮您走申请流程。",
    "pinyin": "hai2"
  },
  {
    "marked_sentence": "那咱们就这么定，今年还有3个月，30天内转5000，后续还得按月_还_5000，我这边帮您走申请流程。",
    "pinyin": "huan2"
  },
  {
    "marked_sentence": "调解员询问， 一次性_还_清4000  元本金或分3期还清6543.44元",
    "pinyin": "huan2"
  },
  {
    "marked_sentence": "调解员询问， 一次性还清4000  元本金或分3期_还_清6543.44元",
    "pinyin": "huan2"
  },
  {
    "marked_sentence": "双方_还_约定明天下午3点再次联系确认还款方案",
    "pinyin极速赛车开奖直播": "hai2"
  },
  {
    "marked_sentence": "侯彬_还_表示每月最多能还500元",
    "pinyin": "hai2"
  },
  {
    "marked_sentence": "侯彬还表示每月最多能_还_500元",
    "pinyin": "huan2"
  },
  {
    "marked_sentence": "_还_会额外产生一些还款费用",
    "pinyin": "hai2"
  },
  {
    "marked_sentence": "您说能_还_多少？",
    "pinyin": "huan2"
  },
  {
    "marked_sentence": "那您看这周能_还_多少？",
    "pinyin": "huan2"
  }
]
